year,month,sales,id_region,id_product,source
2019,Feb,19752487,446676598784,833223655424,teinvento_inc/ventas_reportadas_mercado_tamales/mx/20200801/fact_table/part-00000-tid-6121764870548811055-88ba1d42-8428-496a-9c33-6481a07bcd4f-22058-1-c000.csv
2019,Jan,19388230,446676598784,833223655424,teinvento_inc/ventas_reportadas_mercado_tamales/mx/20200801/fact_table/part-00000-tid-6121764870548811055-88ba1d42-8428-496a-9c33-6481a07bcd4f-22058-1-c000.csv
2019,Nov,20663616,446676598784,833223655424,teinvento_inc/ventas_reportadas_mercado_tamales/mx/20200801/fact_table/part-00000-tid-6121764870548811055-88ba1d42-8428-496a-9c33-6481a07bcd4f-22058-1-c000.csv
2019,Oct,20480754,446676598784,833223655424,teinvento_inc/ventas_reportadas_mercado_tamales/mx/20200801/fact_table/part-00000-tid-6121764870548811055-88ba1d42-8428-496a-9c33-6481a07bcd4f-22058-1-c000.csv
2018,Oct,20790264,446676598784,833223655424,teinvento_inc/ventas_reportadas_mercado_tamales/mx/20200801/fact_table/part-00000-tid-6121764870548811055-88ba1d42-8428-496a-9c33-6481a07bcd4f-22058-1-c000.csv
2019,Dec,25769594,446676598784,833223655424,teinvento_inc/ventas_reportadas_mercado_tamales/mx/20200801/fact_table/part-00000-tid-6121764870548811055-88ba1d42-8428-496a-9c33-6481a07bcd4f-22058-1-c000.csv
2019,May,22684694,446676598784,833223655424,teinvento_inc/ventas_reportadas_mercado_tamales/mx/20200801/fact_table/part-00000-tid-6121764870548811055-88ba1d42-8428-496a-9c33-6481a07bcd4f-22058-1-c000.csv
2018,Nov,19628792,446676598784,833223655424,teinvento_inc/ventas_reportadas_mercado_tamales/mx/20200801/fact_table/part-00000-tid-6121764870548811055-88ba1d42-8428-496a-9c33-6481a07bcd4f-22058-1-c000.csv
2018,Feb,18435775,446676598784,833223655424,teinvento_inc/ventas_reportadas_mercado_tamales/mx/20200801/fact_table/part-00000-tid-6121764870548811055-88ba1d42-8428-496a-9c33-6481a07bcd4f-22058-1-c000.csv
2019,Jul,22955238,446676598784,833223655424,teinvento_inc/ventas_reportadas_mercado_tamales/mx/20200801/fact_table/part-00000-tid-6121764870548811055-88ba1d42-8428-496a-9c33-6481a07bcd4f-22058-1-c000.csv
2018,Aug,22861023,446676598784,833223655424,teinvento_inc/ventas_reportadas_mercado_tamales/mx/20200801/fact_table/part-00000-tid-6121764870548811055-88ba1d42-8428-496a-9c33-6481a07bcd4f-22058-1-c000.csv
2018,Dec,23273877,446676598784,833223655424,teinvento_inc/ventas_reportadas_mercado_tamales/mx/20200801/fact_table/part-00000-tid-6121764870548811055-88ba1d42-8428-496a-9c33-6481a07bcd4f-22058-1-c000.csv
2019,Sep,27252231,446676598784,833223655424,teinvento_inc/ventas_reportadas_mercado_tamales/mx/20200801/fact_table/part-00000-tid-6121764870548811055-88ba1d42-8428-496a-9c33-6481a07bcd4f-22058-1-c000.csv
2018,Jul,21225177,446676598784,833223655424,teinvento_inc/ventas_reportadas_mercado_tamales/mx/20200801/fact_table/part-00000-tid-6121764870548811055-88ba1d42-8428-496a-9c33-6481a07bcd4f-22058-1-c000.csv
2019,Mar,24119168,446676598784,833223655424,teinvento_inc/ventas_reportadas_mercado_tamales/mx/20200801/fact_table/part-00000-tid-6121764870548811055-88ba1d42-8428-496a-9c33-6481a07bcd4f-22058-1-c000.csv
2018,Jan,17778721,446676598784,833223655424,teinvento_inc/ventas_reportadas_mercado_tamales/mx/20200801/fact_table/part-00000-tid-6121764870548811055-88ba1d42-8428-496a-9c33-6481a07bcd4f-22058-1-c000.csv
2018,Mar,23940086,446676598784,833223655424,teinvento_inc/ventas_reportadas_mercado_tamales/mx/20200801/fact_table/part-00000-tid-6121764870548811055-88ba1d42-8428-496a-9c33-6481a07bcd4f-22058-1-c000.csv
2020,Apr,15464115,446676598784,833223655424,teinvento_inc/ventas_reportadas_mercado_tamales/mx/20200801/fact_table/part-00000-tid-6121764870548811055-88ba1d42-8428-496a-9c33-6481a07bcd4f-22058-1-c000.csv
2018,Sep,27700944,446676598784,833223655424,teinvento_inc/ventas_reportadas_mercado_tamales/mx/20200801/fact_table/part-00000-tid-6121764870548811055-88ba1d42-8428-496a-9c33-6481a07bcd4f-22058-1-c000.csv
2019,Aug,23100876,446676598784,833223655424,teinvento_inc/ventas_reportadas_mercado_tamales/mx/20200801/fact_table/part-00000-tid-6121764870548811055-88ba1d42-8428-496a-9c33-6481a07bcd4f-22058-1-c000.csv
2020,Feb,20126873,446676598784,833223655424,teinvento_inc/ventas_reportadas_mercado_tamales/mx/20200801/fact_table/part-00000-tid-6121764870548811055-88ba1d42-8428-496a-9c33-6481a07bcd4f-22058-1-c000.csv
2019,Jun,29490527,446676598784,833223655424,teinvento_inc/ventas_reportadas_mercado_tamales/mx/20200801/fact_table/part-00000-tid-6121764870548811055-88ba1d42-8428-496a-9c33-6481a07bcd4f-22058-1-c000.csv
2018,Apr,20984935,446676598784,833223655424,teinvento_inc/ventas_reportadas_mercado_tamales/mx/20200801/fact_table/part-00000-tid-6121764870548811055-88ba1d42-8428-496a-9c33-6481a07bcd4f-22058-1-c000.csv
2019,Apr,20809344,446676598784,833223655424,teinvento_inc/ventas_reportadas_mercado_tamales/mx/20200801/fact_table/part-00000-tid-6121764870548811055-88ba1d42-8428-496a-9c33-6481a07bcd4f-22058-1-c000.csv
2020,Mar,25009025,446676598784,833223655424,teinvento_inc/ventas_reportadas_mercado_tamales/mx/20200801/fact_table/part-00000-tid-6121764870548811055-88ba1d42-8428-496a-9c33-6481a07bcd4f-22058-1-c000.csv
2020,May,15594724,446676598784,833223655424,teinvento_inc/ventas_reportadas_mercado_tamales/mx/20200801/fact_table/part-00000-tid-6121764870548811055-88ba1d42-8428-496a-9c33-6481a07bcd4f-22058-1-c000.csv
2018,May,20988177,446676598784,833223655424,teinvento_inc/ventas_reportadas_mercado_tamales/mx/20200801/fact_table/part-00000-tid-6121764870548811055-88ba1d42-8428-496a-9c33-6481a07bcd4f-22058-1-c000.csv
2020,Jan,21444517,446676598784,833223655424,teinvento_inc/ventas_reportadas_mercado_tamales/mx/20200801/fact_table/part-00000-tid-6121764870548811055-88ba1d42-8428-496a-9c33-6481a07bcd4f-22058-1-c000.csv
2018,Jun,26619169,446676598784,833223655424,teinvento_inc/ventas_reportadas_mercado_tamales/mx/20200801/fact_table/part-00000-tid-6121764870548811055-88ba1d42-8428-496a-9c33-6481a07bcd4f-22058-1-c000.csv
2018,Nov,6893,893353197568,996432412672,teinvento_inc/ventas_reportadas_mercado_tamales/mx/20200801/fact_table/part-00000-tid-6121764870548811055-88ba1d42-8428-496a-9c33-6481a07bcd4f-22058-1-c000.csv
2018,Aug,1,1151051235328,996432412672,teinvento_inc/ventas_reportadas_mercado_tamales/mx/20200801/fact_table/part-00000-tid-6121764870548811055-88ba1d42-8428-496a-9c33-6481a07bcd4f-22058-1-c000.csv
2019,Jun,69,1151051235328,996432412672,teinvento_inc/ventas_reportadas_mercado_tamales/mx/20200801/fact_table/part-00000-tid-6121764870548811055-88ba1d42-8428-496a-9c33-6481a07bcd4f-22058-1-c000.csv
2019,Feb,885,1151051235328,996432412672,teinvento_inc/ventas_reportadas_mercado_tamales/mx/20200801/fact_table/part-00000-tid-6121764870548811055-88ba1d42-8428-496a-9c33-6481a07bcd4f-22058-1-c000.csv
2018,Feb,3,1151051235328,996432412672,teinvento_inc/ventas_reportadas_mercado_tamales/mx/20200801/fact_table/part-00000-tid-6121764870548811055-88ba1d42-8428-496a-9c33-6481a07bcd4f-22058-1-c000.csv
2018,Apr,4,1151051235328,996432412672,teinvento_inc/ventas_reportadas_mercado_tamales/mx/20200801/fact_table/part-00000-tid-6121764870548811055-88ba1d42-8428-496a-9c33-6481a07bcd4f-22058-1-c000.csv
2019,Jul,7,1151051235328,996432412672,teinvento_inc/ventas_reportadas_mercado_tamales/mx/20200801/fact_table/part-00000-tid-6121764870548811055-88ba1d42-8428-496a-9c33-6481a07bcd4f-22058-1-c000.csv
2020,Jan,1,1151051235328,996432412672,teinvento_inc/ventas_reportadas_mercado_tamales/mx/20200801/fact_table/part-00000-tid-6121764870548811055-88ba1d42-8428-496a-9c33-6481a07bcd4f-22058-1-c000.csv
2018,Oct,701,1151051235328,996432412672,teinvento_inc/ventas_reportadas_mercado_tamales/mx/20200801/fact_table/part-00000-tid-6121764870548811055-88ba1d42-8428-496a-9c33-6481a07bcd4f-22058-1-c000.csv
2019,Apr,6,1151051235328,996432412672,teinvento_inc/ventas_reportadas_mercado_tamales/mx/20200801/fact_table/part-00000-tid-6121764870548811055-88ba1d42-8428-496a-9c33-6481a07bcd4f-22058-1-c000.csv
2019,Nov,1,1151051235328,996432412672,teinvento_inc/ventas_reportadas_mercado_tamales/mx/20200801/fact_table/part-00000-tid-6121764870548811055-88ba1d42-8428-496a-9c33-6481a07bcd4f-22058-1-c000.csv
2018,Sep,1,1151051235328,996432412672,teinvento_inc/ventas_reportadas_mercado_tamales/mx/20200801/fact_table/part-00000-tid-6121764870548811055-88ba1d42-8428-496a-9c33-6481a07bcd4f-22058-1-c000.csv
2019,Mar,13,1151051235328,996432412672,teinvento_inc/ventas_reportadas_mercado_tamales/mx/20200801/fact_table/part-00000-tid-6121764870548811055-88ba1d42-8428-496a-9c33-6481a07bcd4f-22058-1-c000.csv
2019,Oct,1,1151051235328,996432412672,teinvento_inc/ventas_reportadas_mercado_tamales/mx/20200801/fact_table/part-00000-tid-6121764870548811055-88ba1d42-8428-496a-9c33-6481a07bcd4f-22058-1-c000.csv
2019,May,3,1151051235328,996432412672,teinvento_inc/ventas_reportadas_mercado_tamales/mx/20200801/fact_table/part-00000-tid-6121764870548811055-88ba1d42-8428-496a-9c33-6481a07bcd4f-22058-1-c000.csv
2020,Mar,29844563,446676598784,85899345920,teinvento_inc/ventas_reportadas_mercado_tamales/mx/20200801/fact_table/part-00001-tid-6121764870548811055-88ba1d42-8428-496a-9c33-6481a07bcd4f-22059-1-c000.csv
2019,Jul,26862469,446676598784,85899345920,teinvento_inc/ventas_reportadas_mercado_tamales/mx/20200801/fact_table/part-00001-tid-6121764870548811055-88ba1d42-8428-496a-9c33-6481a07bcd4f-22059-1-c000.csv
2019,May,27731515,446676598784,85899345920,teinvento_inc/ventas_reportadas_mercado_tamales/mx/20200801/fact_table/part-00001-tid-6121764870548811055-88ba1d42-8428-496a-9c33-6481a07bcd4f-22059-1-c000.csv
2018,Mar,31829431,446676598784,85899345920,teinvento_inc/ventas_reportadas_mercado_tamales/mx/20200801/fact_table/part-00001-tid-6121764870548811055-88ba1d42-8428-496a-9c33-6481a07bcd4f-22059-1-c000.csv
2019,Jun,34553070,446676598784,85899345920,teinvento_inc/ventas_reportadas_mercado_tamales/mx/20200801/fact_table/part-00001-tid-6121764870548811055-88ba1d42-8428-496a-9c33-6481a07bcd4f-22059-1-c000.csv
2018,Oct,26368184,446676598784,85899345920,teinvento_inc/ventas_reportadas_mercado_tamales/mx/20200801/fact_table/part-00001-tid-6121764870548811055-88ba1d42-8428-496a-9c33-6481a07bcd4f-22059-1-c000.csv
2019,Oct,24425439,446676598784,85899345920,teinvento_inc/ventas_reportadas_mercado_tamales/mx/20200801/fact_table/part-00001-tid-6121764870548811055-88ba1d42-8428-496a-9c33-6481a07bcd4f-22059-1-c000.csv
2018,Jun,33293867,446676598784,85899345920,teinvento_inc/ventas_reportadas_mercado_tamales/mx/20200801/fact_table/part-00001-tid-6121764870548811055-88ba1d42-8428-496a-9c33-6481a07bcd4f-22059-1-c000.csv
2020,Apr,17753295,446676598784,85899345920,teinvento_inc/ventas_reportadas_mercado_tamales/mx/20200801/fact_table/part-00001-tid-6121764870548811055-88ba1d42-8428-496a-9c33-6481a07bcd4f-22059-1-c000.csv
2019,Jan,25393684,446676598784,85899345920,teinvento_inc/ventas_reportadas_mercado_tamales/mx/20200801/fact_table/part-00001-tid-6121764870548811055-88ba1d42-8428-496a-9c33-6481a07bcd4f-22059-1-c000.csv
2018,Jul,27061424,446676598784,85899345920,teinvento_inc/ventas_reportadas_mercado_tamales/mx/20200801/fact_table/part-00001-tid-6121764870548811055-88ba1d42-8428-496a-9c33-6481a07bcd4f-22059-1-c000.csv
2018,Nov,25108979,446676598784,85899345920,teinvento_inc/ventas_reportadas_mercado_tamales/mx/20200801/fact_table/part-00001-tid-6121764870548811055-88ba1d42-8428-496a-9c33-6481a07bcd4f-22059-1-c000.csv
2020,Feb,24471564,446676598784,85899345920,teinvento_inc/ventas_reportadas_mercado_tamales/mx/20200801/fact_table/part-00001-tid-6121764870548811055-88ba1d42-8428-496a-9c33-6481a07bcd4f-22059-1-c000.csv
2018,Sep,34582352,446676598784,85899345920,teinvento_inc/ventas_reportadas_mercado_tamales/mx/20200801/fact_table/part-00001-tid-6121764870548811055-88ba1d42-8428-496a-9c33-6481a07bcd4f-22059-1-c000.csv
2019,Aug,27179174,446676598784,85899345920,teinvento_inc/ventas_reportadas_mercado_tamales/mx/20200801/fact_table/part-00001-tid-6121764870548811055-88ba1d42-8428-496a-9c33-6481a07bcd4f-22059-1-c000.csv
2018,Dec,29896765,446676598784,85899345920,teinvento_inc/ventas_reportadas_mercado_tamales/mx/20200801/fact_table/part-00001-tid-6121764870548811055-88ba1d42-8428-496a-9c33-6481a07bcd4f-22059-1-c000.csv
2019,Feb,26419943,446676598784,85899345920,teinvento_inc/ventas_reportadas_mercado_tamales/mx/20200801/fact_table/part-00001-tid-6121764870548811055-88ba1d42-8428-496a-9c33-6481a07bcd4f-22059-1-c000.csv
2020,May,16594863,446676598784,85899345920,teinvento_inc/ventas_reportadas_mercado_tamales/mx/20200801/fact_table/part-00001-tid-6121764870548811055-88ba1d42-8428-496a-9c33-6481a07bcd4f-22059-1-c000.csv
2018,Apr,27608178,446676598784,85899345920,teinvento_inc/ventas_reportadas_mercado_tamales/mx/20200801/fact_table/part-00001-tid-6121764870548811055-88ba1d42-8428-496a-9c33-6481a07bcd4f-22059-1-c000.csv
2018,Feb,24809165,446676598784,85899345920,teinvento_inc/ventas_reportadas_mercado_tamales/mx/20200801/fact_table/part-00001-tid-6121764870548811055-88ba1d42-8428-496a-9c33-6481a07bcd4f-22059-1-c000.csv
2019,Mar,31755172,446676598784,85899345920,teinvento_inc/ventas_reportadas_mercado_tamales/mx/20200801/fact_table/part-00001-tid-6121764870548811055-88ba1d42-8428-496a-9c33-6481a07bcd4f-22059-1-c000.csv
2018,Aug,28374366,446676598784,85899345920,teinvento_inc/ventas_reportadas_mercado_tamales/mx/20200801/fact_table/part-00001-tid-6121764870548811055-88ba1d42-8428-496a-9c33-6481a07bcd4f-22059-1-c000.csv
2019,Apr,26655876,446676598784,85899345920,teinvento_inc/ventas_reportadas_mercado_tamales/mx/20200801/fact_table/part-00001-tid-6121764870548811055-88ba1d42-8428-496a-9c33-6481a07bcd4f-22059-1-c000.csv
2018,Jan,23195140,446676598784,85899345920,teinvento_inc/ventas_reportadas_mercado_tamales/mx/20200801/fact_table/part-00001-tid-6121764870548811055-88ba1d42-8428-496a-9c33-6481a07bcd4f-22059-1-c000.csv
2019,Nov,24965819,446676598784,85899345920,teinvento_inc/ventas_reportadas_mercado_tamales/mx/20200801/fact_table/part-00001-tid-6121764870548811055-88ba1d42-8428-496a-9c33-6481a07bcd4f-22059-1-c000.csv
2018,May,26967720,446676598784,85899345920,teinvento_inc/ventas_reportadas_mercado_tamales/mx/20200801/fact_table/part-00001-tid-6121764870548811055-88ba1d42-8428-496a-9c33-6481a07bcd4f-22059-1-c000.csv
2019,Dec,31354558,446676598784,85899345920,teinvento_inc/ventas_reportadas_mercado_tamales/mx/20200801/fact_table/part-00001-tid-6121764870548811055-88ba1d42-8428-496a-9c33-6481a07bcd4f-22059-1-c000.csv
2019,Sep,32351288,446676598784,85899345920,teinvento_inc/ventas_reportadas_mercado_tamales/mx/20200801/fact_table/part-00001-tid-6121764870548811055-88ba1d42-8428-496a-9c33-6481a07bcd4f-22059-1-c000.csv
2020,Jan,25796888,446676598784,85899345920,teinvento_inc/ventas_reportadas_mercado_tamales/mx/20200801/fact_table/part-00001-tid-6121764870548811055-88ba1d42-8428-496a-9c33-6481a07bcd4f-22059-1-c000.csv
2018,Sep,210497,446676598784,1649267441664,teinvento_inc/ventas_reportadas_mercado_tamales/mx/20200801/fact_table/part-00002-tid-6121764870548811055-88ba1d42-8428-496a-9c33-6481a07bcd4f-22060-1-c000.csv
2019,Apr,162755,446676598784,1649267441664,teinvento_inc/ventas_reportadas_mercado_tamales/mx/20200801/fact_table/part-00002-tid-6121764870548811055-88ba1d42-8428-496a-9c33-6481a07bcd4f-22060-1-c000.csv
2018,May,188025,446676598784,1649267441664,teinvento_inc/ventas_reportadas_mercado_tamales/mx/20200801/fact_table/part-00002-tid-6121764870548811055-88ba1d42-8428-496a-9c33-6481a07bcd4f-22060-1-c000.csv
2020,Jan,134270,446676598784,1649267441664,teinvento_inc/ventas_reportadas_mercado_tamales/mx/20200801/fact_table/part-00002-tid-6121764870548811055-88ba1d42-8428-496a-9c33-6481a07bcd4f-22060-1-c000.csv
2018,Jan,143075,446676598784,1649267441664,teinvento_inc/ventas_reportadas_mercado_tamales/mx/20200801/fact_table/part-00002-tid-6121764870548811055-88ba1d42-8428-496a-9c33-6481a07bcd4f-22060-1-c000.csv
2018,Mar,225999,446676598784,1649267441664,teinvento_inc/ventas_reportadas_mercado_tamales/mx/20200801/fact_table/part-00002-tid-6121764870548811055-88ba1d42-8428-496a-9c33-6481a07bcd4f-22060-1-c000.csv
2020,May,95790,446676598784,1649267441664,teinvento_inc/ventas_reportadas_mercado_tamales/mx/20200801/fact_table/part-00002-tid-6121764870548811055-88ba1d42-8428-496a-9c33-6481a07bcd4f-22060-1-c000.csv
2018,Apr,191265,446676598784,1649267441664,teinvento_inc/ventas_reportadas_mercado_tamales/mx/20200801/fact_table/part-00002-tid-6121764870548811055-88ba1d42-8428-496a-9c33-6481a07bcd4f-22060-1-c000.csv
2018,Feb,161962,446676598784,1649267441664,teinvento_inc/ventas_reportadas_mercado_tamales/mx/20200801/fact_table/part-00002-tid-6121764870548811055-88ba1d42-8428-496a-9c33-6481a07bcd4f-22060-1-c000.csv
2018,Aug,172985,446676598784,1649267441664,teinvento_inc/ventas_reportadas_mercado_tamales/mx/20200801/fact_table/part-00002-tid-6121764870548811055-88ba1d42-8428-496a-9c33-6481a07bcd4f-22060-1-c000.csv
2018,Dec,179072,446676598784,1649267441664,teinvento_inc/ventas_reportadas_mercado_tamales/mx/20200801/fact_table/part-00002-tid-6121764870548811055-88ba1d42-8428-496a-9c33-6481a07bcd4f-22060-1-c000.csv
2019,Feb,149084,446676598784,1649267441664,teinvento_inc/ventas_reportadas_mercado_tamales/mx/20200801/fact_table/part-00002-tid-6121764870548811055-88ba1d42-8428-496a-9c33-6481a07bcd4f-22060-1-c000.csv
2020,Feb,134961,446676598784,1649267441664,teinvento_inc/ventas_reportadas_mercado_tamales/mx/20200801/fact_table/part-00002-tid-6121764870548811055-88ba1d42-8428-496a-9c33-6481a07bcd4f-22060-1-c000.csv
2019,Sep,182720,446676598784,1649267441664,teinvento_inc/ventas_reportadas_mercado_tamales/mx/20200801/fact_table/part-00002-tid-6121764870548811055-88ba1d42-8428-496a-9c33-6481a07bcd4f-22060-1-c000.csv
2020,Mar,169250,446676598784,1649267441664,teinvento_inc/ventas_reportadas_mercado_tamales/mx/20200801/fact_table/part-00002-tid-6121764870548811055-88ba1d42-8428-496a-9c33-6481a07bcd4f-22060-1-c000.csv
2019,Jun,215730,446676598784,1649267441664,teinvento_inc/ventas_reportadas_mercado_tamales/mx/20200801/fact_table/part-00002-tid-6121764870548811055-88ba1d42-8428-496a-9c33-6481a07bcd4f-22060-1-c000.csv
2018,Jul,165899,446676598784,1649267441664,teinvento_inc/ventas_reportadas_mercado_tamales/mx/20200801/fact_table/part-00002-tid-6121764870548811055-88ba1d42-8428-496a-9c33-6481a07bcd4f-22060-1-c000.csv
2019,Dec,171030,446676598784,1649267441664,teinvento_inc/ventas_reportadas_mercado_tamales/mx/20200801/fact_table/part-00002-tid-6121764870548811055-88ba1d42-8428-496a-9c33-6481a07bcd4f-22060-1-c000.csv
2019,Mar,198805,446676598784,1649267441664,teinvento_inc/ventas_reportadas_mercado_tamales/mx/20200801/fact_table/part-00002-tid-6121764870548811055-88ba1d42-8428-496a-9c33-6481a07bcd4f-22060-1-c000.csv
2020,Apr,96415,446676598784,1649267441664,teinvento_inc/ventas_reportadas_mercado_tamales/mx/20200801/fact_table/part-00002-tid-6121764870548811055-88ba1d42-8428-496a-9c33-6481a07bcd4f-22060-1-c000.csv
2018,Oct,167323,446676598784,1649267441664,teinvento_inc/ventas_reportadas_mercado_tamales/mx/20200801/fact_table/part-00002-tid-6121764870548811055-88ba1d42-8428-496a-9c33-6481a07bcd4f-22060-1-c000.csv
2018,Nov,148048,446676598784,1649267441664,teinvento_inc/ventas_reportadas_mercado_tamales/mx/20200801/fact_table/part-00002-tid-6121764870548811055-88ba1d42-8428-496a-9c33-6481a07bcd4f-22060-1-c000.csv
2018,Jun,231347,446676598784,1649267441664,teinvento_inc/ventas_reportadas_mercado_tamales/mx/20200801/fact_table/part-00002-tid-6121764870548811055-88ba1d42-8428-496a-9c33-6481a07bcd4f-22060-1-c000.csv
2019,May,164790,446676598784,1649267441664,teinvento_inc/ventas_reportadas_mercado_tamales/mx/20200801/fact_table/part-00002-tid-6121764870548811055-88ba1d42-8428-496a-9c33-6481a07bcd4f-22060-1-c000.csv
2019,Jul,164990,446676598784,1649267441664,teinvento_inc/ventas_reportadas_mercado_tamales/mx/20200801/fact_table/part-00002-tid-6121764870548811055-88ba1d42-8428-496a-9c33-6481a07bcd4f-22060-1-c000.csv
2019,Jan,138476,446676598784,1649267441664,teinvento_inc/ventas_reportadas_mercado_tamales/mx/20200801/fact_table/part-00002-tid-6121764870548811055-88ba1d42-8428-496a-9c33-6481a07bcd4f-22060-1-c000.csv
2019,Aug,164203,446676598784,1649267441664,teinvento_inc/ventas_reportadas_mercado_tamales/mx/20200801/fact_table/part-00002-tid-6121764870548811055-88ba1d42-8428-496a-9c33-6481a07bcd4f-22060-1-c000.csv
2019,Oct,148982,446676598784,1649267441664,teinvento_inc/ventas_reportadas_mercado_tamales/mx/20200801/fact_table/part-00002-tid-6121764870548811055-88ba1d42-8428-496a-9c33-6481a07bcd4f-22060-1-c000.csv
2019,Nov,143724,446676598784,1649267441664,teinvento_inc/ventas_reportadas_mercado_tamales/mx/20200801/fact_table/part-00002-tid-6121764870548811055-88ba1d42-8428-496a-9c33-6481a07bcd4f-22060-1-c000.csv
2019,Jan,2224,850403524608,1675037245440,teinvento_inc/ventas_reportadas_mercado_tamales/mx/20200801/fact_table/part-00002-tid-6121764870548811055-88ba1d42-8428-496a-9c33-6481a07bcd4f-22060-1-c000.csv
2018,Dec,3951,893353197568,1675037245440,teinvento_inc/ventas_reportadas_mercado_tamales/mx/20200801/fact_table/part-00002-tid-6121764870548811055-88ba1d42-8428-496a-9c33-6481a07bcd4f-22060-1-c000.csv
2019,Sep,11433,446676598784,1279900254208,teinvento_inc/ventas_reportadas_mercado_tamales/mx/20200801/fact_table/part-00003-tid-6121764870548811055-88ba1d42-8428-496a-9c33-6481a07bcd4f-22061-1-c000.csv
2019,Jun,12210,446676598784,1279900254208,teinvento_inc/ventas_reportadas_mercado_tamales/mx/20200801/fact_table/part-00003-tid-6121764870548811055-88ba1d42-8428-496a-9c33-6481a07bcd4f-22061-1-c000.csv
2018,Jan,14099,446676598784,1279900254208,teinvento_inc/ventas_reportadas_mercado_tamales/mx/20200801/fact_table/part-00003-tid-6121764870548811055-88ba1d42-8428-496a-9c33-6481a07bcd4f-22061-1-c000.csv
2018,Apr,10943,446676598784,1279900254208,teinvento_inc/ventas_reportadas_mercado_tamales/mx/20200801/fact_table/part-00003-tid-6121764870548811055-88ba1d42-8428-496a-9c33-6481a07bcd4f-22061-1-c000.csv
2018,Feb,15349,446676598784,1279900254208,teinvento_inc/ventas_reportadas_mercado_tamales/mx/20200801/fact_table/part-00003-tid-6121764870548811055-88ba1d42-8428-496a-9c33-6481a07bcd4f-22061-1-c000.csv
2018,Mar,15377,446676598784,1279900254208,teinvento_inc/ventas_reportadas_mercado_tamales/mx/20200801/fact_table/part-00003-tid-6121764870548811055-88ba1d42-8428-496a-9c33-6481a07bcd4f-22061-1-c000.csv
2019,May,11665,446676598784,1279900254208,teinvento_inc/ventas_reportadas_mercado_tamales/mx/20200801/fact_table/part-00003-tid-6121764870548811055-88ba1d42-8428-496a-9c33-6481a07bcd4f-22061-1-c000.csv
2020,Apr,2725,850403524608,1279900254208,teinvento_inc/ventas_reportadas_mercado_tamales/mx/20200801/fact_table/part-00003-tid-6121764870548811055-88ba1d42-8428-496a-9c33-6481a07bcd4f-22061-1-c000.csv
2020,May,4133,893353197568,1279900254208,teinvento_inc/ventas_reportadas_mercado_tamales/mx/20200801/fact_table/part-00003-tid-6121764870548811055-88ba1d42-8428-496a-9c33-6481a07bcd4f-22061-1-c000.csv
2019,Aug,8742,893353197568,1279900254208,teinvento_inc/ventas_reportadas_mercado_tamales/mx/20200801/fact_table/part-00003-tid-6121764870548811055-88ba1d42-8428-496a-9c33-6481a07bcd4f-22061-1-c000.csv
2019,Jan,8357,893353197568,1279900254208,teinvento_inc/ventas_reportadas_mercado_tamales/mx/20200801/fact_table/part-00003-tid-6121764870548811055-88ba1d42-8428-496a-9c33-6481a07bcd4f-22061-1-c000.csv
2018,Oct,6046,893353197568,1279900254208,teinvento_inc/ventas_reportadas_mercado_tamales/mx/20200801/fact_table/part-00003-tid-6121764870548811055-88ba1d42-8428-496a-9c33-6481a07bcd4f-22061-1-c000.csv
2019,Mar,9238,893353197568,1279900254208,teinvento_inc/ventas_reportadas_mercado_tamales/mx/20200801/fact_table/part-00003-tid-6121764870548811055-88ba1d42-8428-496a-9c33-6481a07bcd4f-22061-1-c000.csv
2020,Feb,6020,893353197568,1279900254208,teinvento_inc/ventas_reportadas_mercado_tamales/mx/20200801/fact_table/part-00003-tid-6121764870548811055-88ba1d42-8428-496a-9c33-6481a07bcd4f-22061-1-c000.csv
2019,Apr,9687,893353197568,1279900254208,teinvento_inc/ventas_reportadas_mercado_tamales/mx/20200801/fact_table/part-00003-tid-6121764870548811055-88ba1d42-8428-496a-9c33-6481a07bcd4f-22061-1-c000.csv
2018,Dec,9126,893353197568,1279900254208,teinvento_inc/ventas_reportadas_mercado_tamales/mx/20200801/fact_table/part-00003-tid-6121764870548811055-88ba1d42-8428-496a-9c33-6481a07bcd4f-22061-1-c000.csv
2019,Feb,8889,893353197568,1279900254208,teinvento_inc/ventas_reportadas_mercado_tamales/mx/20200801/fact_table/part-00003-tid-6121764870548811055-88ba1d42-8428-496a-9c33-6481a07bcd4f-22061-1-c000.csv
2019,Jul,8825,893353197568,1279900254208,teinvento_inc/ventas_reportadas_mercado_tamales/mx/20200801/fact_table/part-00003-tid-6121764870548811055-88ba1d42-8428-496a-9c33-6481a07bcd4f-22061-1-c000.csv
2019,Nov,7799,893353197568,1279900254208,teinvento_inc/ventas_reportadas_mercado_tamales/mx/20200801/fact_table/part-00003-tid-6121764870548811055-88ba1d42-8428-496a-9c33-6481a07bcd4f-22061-1-c000.csv
2019,Oct,7058,893353197568,1279900254208,teinvento_inc/ventas_reportadas_mercado_tamales/mx/20200801/fact_table/part-00003-tid-6121764870548811055-88ba1d42-8428-496a-9c33-6481a07bcd4f-22061-1-c000.csv
2018,Aug,5784,893353197568,1279900254208,teinvento_inc/ventas_reportadas_mercado_tamales/mx/20200801/fact_table/part-00003-tid-6121764870548811055-88ba1d42-8428-496a-9c33-6481a07bcd4f-22061-1-c000.csv
2018,Jul,6334,893353197568,1279900254208,teinvento_inc/ventas_reportadas_mercado_tamales/mx/20200801/fact_table/part-00003-tid-6121764870548811055-88ba1d42-8428-496a-9c33-6481a07bcd4f-22061-1-c000.csv
2018,Nov,6539,893353197568,1279900254208,teinvento_inc/ventas_reportadas_mercado_tamales/mx/20200801/fact_table/part-00003-tid-6121764870548811055-88ba1d42-8428-496a-9c33-6481a07bcd4f-22061-1-c000.csv
2020,Mar,9376,893353197568,1279900254208,teinvento_inc/ventas_reportadas_mercado_tamales/mx/20200801/fact_table/part-00003-tid-6121764870548811055-88ba1d42-8428-496a-9c33-6481a07bcd4f-22061-1-c000.csv
2018,Sep,8693,893353197568,1279900254208,teinvento_inc/ventas_reportadas_mercado_tamales/mx/20200801/fact_table/part-00003-tid-6121764870548811055-88ba1d42-8428-496a-9c33-6481a07bcd4f-22061-1-c000.csv
2020,Jan,3732,893353197568,1279900254208,teinvento_inc/ventas_reportadas_mercado_tamales/mx/20200801/fact_table/part-00003-tid-6121764870548811055-88ba1d42-8428-496a-9c33-6481a07bcd4f-22061-1-c000.csv
2018,May,9156,893353197568,1279900254208,teinvento_inc/ventas_reportadas_mercado_tamales/mx/20200801/fact_table/part-00003-tid-6121764870548811055-88ba1d42-8428-496a-9c33-6481a07bcd4f-22061-1-c000.csv
2019,Dec,6648,893353197568,1279900254208,teinvento_inc/ventas_reportadas_mercado_tamales/mx/20200801/fact_table/part-00003-tid-6121764870548811055-88ba1d42-8428-496a-9c33-6481a07bcd4f-22061-1-c000.csv
2018,Jun,9264,893353197568,1279900254208,teinvento_inc/ventas_reportadas_mercado_tamales/mx/20200801/fact_table/part-00003-tid-6121764870548811055-88ba1d42-8428-496a-9c33-6481a07bcd4f-22061-1-c000.csv
2018,Apr,4,1151051235328,1606317768704,teinvento_inc/ventas_reportadas_mercado_tamales/mx/20200801/fact_table/part-00003-tid-6121764870548811055-88ba1d42-8428-496a-9c33-6481a07bcd4f-22061-1-c000.csv
2019,Aug,3,1151051235328,1606317768704,teinvento_inc/ventas_reportadas_mercado_tamales/mx/20200801/fact_table/part-00003-tid-6121764870548811055-88ba1d42-8428-496a-9c33-6481a07bcd4f-22061-1-c000.csv
2018,Aug,5,1151051235328,1606317768704,teinvento_inc/ventas_reportadas_mercado_tamales/mx/20200801/fact_table/part-00003-tid-6121764870548811055-88ba1d42-8428-496a-9c33-6481a07bcd4f-22061-1-c000.csv
2018,Mar,6,1151051235328,1606317768704,teinvento_inc/ventas_reportadas_mercado_tamales/mx/20200801/fact_table/part-00003-tid-6121764870548811055-88ba1d42-8428-496a-9c33-6481a07bcd4f-22061-1-c000.csv
2018,Jan,128,1151051235328,1606317768704,teinvento_inc/ventas_reportadas_mercado_tamales/mx/20200801/fact_table/part-00003-tid-6121764870548811055-88ba1d42-8428-496a-9c33-6481a07bcd4f-22061-1-c000.csv
2018,Sep,64,1151051235328,1606317768704,teinvento_inc/ventas_reportadas_mercado_tamales/mx/20200801/fact_table/part-00003-tid-6121764870548811055-88ba1d42-8428-496a-9c33-6481a07bcd4f-22061-1-c000.csv
2019,May,2,1151051235328,1606317768704,teinvento_inc/ventas_reportadas_mercado_tamales/mx/20200801/fact_table/part-00003-tid-6121764870548811055-88ba1d42-8428-496a-9c33-6481a07bcd4f-22061-1-c000.csv
2018,Jun,111,1151051235328,1606317768704,teinvento_inc/ventas_reportadas_mercado_tamales/mx/20200801/fact_table/part-00003-tid-6121764870548811055-88ba1d42-8428-496a-9c33-6481a07bcd4f-22061-1-c000.csv
2020,May,643,1151051235328,1606317768704,teinvento_inc/ventas_reportadas_mercado_tamales/mx/20200801/fact_table/part-00003-tid-6121764870548811055-88ba1d42-8428-496a-9c33-6481a07bcd4f-22061-1-c000.csv
2019,Dec,2,1151051235328,1606317768704,teinvento_inc/ventas_reportadas_mercado_tamales/mx/20200801/fact_table/part-00003-tid-6121764870548811055-88ba1d42-8428-496a-9c33-6481a07bcd4f-22061-1-c000.csv
2018,May,8,1151051235328,1606317768704,teinvento_inc/ventas_reportadas_mercado_tamales/mx/20200801/fact_table/part-00003-tid-6121764870548811055-88ba1d42-8428-496a-9c33-6481a07bcd4f-22061-1-c000.csv
2018,Feb,3,1151051235328,1606317768704,teinvento_inc/ventas_reportadas_mercado_tamales/mx/20200801/fact_table/part-00003-tid-6121764870548811055-88ba1d42-8428-496a-9c33-6481a07bcd4f-22061-1-c000.csv
2019,Mar,69,1151051235328,1606317768704,teinvento_inc/ventas_reportadas_mercado_tamales/mx/20200801/fact_table/part-00003-tid-6121764870548811055-88ba1d42-8428-496a-9c33-6481a07bcd4f-22061-1-c000.csv
2020,Jan,4,1151051235328,1606317768704,teinvento_inc/ventas_reportadas_mercado_tamales/mx/20200801/fact_table/part-00003-tid-6121764870548811055-88ba1d42-8428-496a-9c33-6481a07bcd4f-22061-1-c000.csv
2020,Feb,12,1151051235328,644245094400,teinvento_inc/ventas_reportadas_mercado_tamales/mx/20200801/fact_table/part-00003-tid-6121764870548811055-88ba1d42-8428-496a-9c33-6481a07bcd4f-22061-1-c000.csv
2019,May,5,1151051235328,644245094400,teinvento_inc/ventas_reportadas_mercado_tamales/mx/20200801/fact_table/part-00003-tid-6121764870548811055-88ba1d42-8428-496a-9c33-6481a07bcd4f-22061-1-c000.csv
2020,May,9,1151051235328,644245094400,teinvento_inc/ventas_reportadas_mercado_tamales/mx/20200801/fact_table/part-00003-tid-6121764870548811055-88ba1d42-8428-496a-9c33-6481a07bcd4f-22061-1-c000.csv
2019,Jul,5,1151051235328,644245094400,teinvento_inc/ventas_reportadas_mercado_tamales/mx/20200801/fact_table/part-00003-tid-6121764870548811055-88ba1d42-8428-496a-9c33-6481a07bcd4f-22061-1-c000.csv
2019,Dec,13,1151051235328,644245094400,teinvento_inc/ventas_reportadas_mercado_tamales/mx/20200801/fact_table/part-00003-tid-6121764870548811055-88ba1d42-8428-496a-9c33-6481a07bcd4f-22061-1-c000.csv
2018,Mar,4,1151051235328,644245094400,teinvento_inc/ventas_reportadas_mercado_tamales/mx/20200801/fact_table/part-00003-tid-6121764870548811055-88ba1d42-8428-496a-9c33-6481a07bcd4f-22061-1-c000.csv
2018,Apr,3,1151051235328,644245094400,teinvento_inc/ventas_reportadas_mercado_tamales/mx/20200801/fact_table/part-00003-tid-6121764870548811055-88ba1d42-8428-496a-9c33-6481a07bcd4f-22061-1-c000.csv
2020,Apr,12,1151051235328,644245094400,teinvento_inc/ventas_reportadas_mercado_tamales/mx/20200801/fact_table/part-00003-tid-6121764870548811055-88ba1d42-8428-496a-9c33-6481a07bcd4f-22061-1-c000.csv
2018,Dec,4,1151051235328,644245094400,teinvento_inc/ventas_reportadas_mercado_tamales/mx/20200801/fact_table/part-00003-tid-6121764870548811055-88ba1d42-8428-496a-9c33-6481a07bcd4f-22061-1-c000.csv
2019,Oct,13,1151051235328,644245094400,teinvento_inc/ventas_reportadas_mercado_tamales/mx/20200801/fact_table/part-00003-tid-6121764870548811055-88ba1d42-8428-496a-9c33-6481a07bcd4f-22061-1-c000.csv
2018,Nov,4,1151051235328,644245094400,teinvento_inc/ventas_reportadas_mercado_tamales/mx/20200801/fact_table/part-00003-tid-6121764870548811055-88ba1d42-8428-496a-9c33-6481a07bcd4f-22061-1-c000.csv
2020,Jan,15,1151051235328,644245094400,teinvento_inc/ventas_reportadas_mercado_tamales/mx/20200801/fact_table/part-00003-tid-6121764870548811055-88ba1d42-8428-496a-9c33-6481a07bcd4f-22061-1-c000.csv
2019,Apr,8,1151051235328,644245094400,teinvento_inc/ventas_reportadas_mercado_tamales/mx/20200801/fact_table/part-00003-tid-6121764870548811055-88ba1d42-8428-496a-9c33-6481a07bcd4f-22061-1-c000.csv
2019,Sep,15,1151051235328,644245094400,teinvento_inc/ventas_reportadas_mercado_tamales/mx/20200801/fact_table/part-00003-tid-6121764870548811055-88ba1d42-8428-496a-9c33-6481a07bcd4f-22061-1-c000.csv
2020,Mar,13,1151051235328,644245094400,teinvento_inc/ventas_reportadas_mercado_tamales/mx/20200801/fact_table/part-00003-tid-6121764870548811055-88ba1d42-8428-496a-9c33-6481a07bcd4f-22061-1-c000.csv
2019,Jun,10,1151051235328,644245094400,teinvento_inc/ventas_reportadas_mercado_tamales/mx/20200801/fact_table/part-00003-tid-6121764870548811055-88ba1d42-8428-496a-9c33-6481a07bcd4f-22061-1-c000.csv
2019,Nov,6,1151051235328,644245094400,teinvento_inc/ventas_reportadas_mercado_tamales/mx/20200801/fact_table/part-00003-tid-6121764870548811055-88ba1d42-8428-496a-9c33-6481a07bcd4f-22061-1-c000.csv
2019,Mar,6,1151051235328,644245094400,teinvento_inc/ventas_reportadas_mercado_tamales/mx/20200801/fact_table/part-00003-tid-6121764870548811055-88ba1d42-8428-496a-9c33-6481a07bcd4f-22061-1-c000.csv
2019,Jan,5,1151051235328,644245094400,teinvento_inc/ventas_reportadas_mercado_tamales/mx/20200801/fact_table/part-00003-tid-6121764870548811055-88ba1d42-8428-496a-9c33-6481a07bcd4f-22061-1-c000.csv
2019,Aug,4,1151051235328,644245094400,teinvento_inc/ventas_reportadas_mercado_tamales/mx/20200801/fact_table/part-00003-tid-6121764870548811055-88ba1d42-8428-496a-9c33-6481a07bcd4f-22061-1-c000.csv
2020,Feb,7732835,446676598784,103079215104,teinvento_inc/ventas_reportadas_mercado_tamales/mx/20200801/fact_table/part-00005-tid-6121764870548811055-88ba1d42-8428-496a-9c33-6481a07bcd4f-22063-1-c000.csv
2019,Oct,7680349,446676598784,103079215104,teinvento_inc/ventas_reportadas_mercado_tamales/mx/20200801/fact_table/part-00005-tid-6121764870548811055-88ba1d42-8428-496a-9c33-6481a07bcd4f-22063-1-c000.csv
2019,Jan,7790639,446676598784,103079215104,teinvento_inc/ventas_reportadas_mercado_tamales/mx/20200801/fact_table/part-00005-tid-6121764870548811055-88ba1d42-8428-496a-9c33-6481a07bcd4f-22063-1-c000.csv
2020,Mar,9706495,446676598784,103079215104,teinvento_inc/ventas_reportadas_mercado_tamales/mx/20200801/fact_table/part-00005-tid-6121764870548811055-88ba1d42-8428-496a-9c33-6481a07bcd4f-22063-1-c000.csv
2019,Apr,8557692,446676598784,103079215104,teinvento_inc/ventas_reportadas_mercado_tamales/mx/20200801/fact_table/part-00005-tid-6121764870548811055-88ba1d42-8428-496a-9c33-6481a07bcd4f-22063-1-c000.csv
2018,Oct,8415672,446676598784,103079215104,teinvento_inc/ventas_reportadas_mercado_tamales/mx/20200801/fact_table/part-00005-tid-6121764870548811055-88ba1d42-8428-496a-9c33-6481a07bcd4f-22063-1-c000.csv
2018,Jul,8516972,446676598784,103079215104,teinvento_inc/ventas_reportadas_mercado_tamales/mx/20200801/fact_table/part-00005-tid-6121764870548811055-88ba1d42-8428-496a-9c33-6481a07bcd4f-22063-1-c000.csv
2019,Jun,10968332,446676598784,103079215104,teinvento_inc/ventas_reportadas_mercado_tamales/mx/20200801/fact_table/part-00005-tid-6121764870548811055-88ba1d42-8428-496a-9c33-6481a07bcd4f-22063-1-c000.csv
2019,Sep,10086922,446676598784,103079215104,teinvento_inc/ventas_reportadas_mercado_tamales/mx/20200801/fact_table/part-00005-tid-6121764870548811055-88ba1d42-8428-496a-9c33-6481a07bcd4f-22063-1-c000.csv
2019,Feb,8156996,446676598784,103079215104,teinvento_inc/ventas_reportadas_mercado_tamales/mx/20200801/fact_table/part-00005-tid-6121764870548811055-88ba1d42-8428-496a-9c33-6481a07bcd4f-22063-1-c000.csv
2019,Nov,7695560,446676598784,103079215104,teinvento_inc/ventas_reportadas_mercado_tamales/mx/20200801/fact_table/part-00005-tid-6121764870548811055-88ba1d42-8428-496a-9c33-6481a07bcd4f-22063-1-c000.csv
2020,Apr,5662783,446676598784,103079215104,teinvento_inc/ventas_reportadas_mercado_tamales/mx/20200801/fact_table/part-00005-tid-6121764870548811055-88ba1d42-8428-496a-9c33-6481a07bcd4f-22063-1-c000.csv
2018,May,8528758,446676598784,103079215104,teinvento_inc/ventas_reportadas_mercado_tamales/mx/20200801/fact_table/part-00005-tid-6121764870548811055-88ba1d42-8428-496a-9c33-6481a07bcd4f-22063-1-c000.csv
2018,Feb,7476528,446676598784,103079215104,teinvento_inc/ventas_reportadas_mercado_tamales/mx/20200801/fact_table/part-00005-tid-6121764870548811055-88ba1d42-8428-496a-9c33-6481a07bcd4f-22063-1-c000.csv
2018,Jun,10580819,446676598784,103079215104,teinvento_inc/ventas_reportadas_mercado_tamales/mx/20200801/fact_table/part-00005-tid-6121764870548811055-88ba1d42-8428-496a-9c33-6481a07bcd4f-22063-1-c000.csv
2019,Aug,8459235,446676598784,103079215104,teinvento_inc/ventas_reportadas_mercado_tamales/mx/20200801/fact_table/part-00005-tid-6121764870548811055-88ba1d42-8428-496a-9c33-6481a07bcd4f-22063-1-c000.csv
2020,Jan,7839689,446676598784,103079215104,teinvento_inc/ventas_reportadas_mercado_tamales/mx/20200801/fact_table/part-00005-tid-6121764870548811055-88ba1d42-8428-496a-9c33-6481a07bcd4f-22063-1-c000.csv
2018,Mar,9906851,446676598784,103079215104,teinvento_inc/ventas_reportadas_mercado_tamales/mx/20200801/fact_table/part-00005-tid-6121764870548811055-88ba1d42-8428-496a-9c33-6481a07bcd4f-22063-1-c000.csv
2018,Aug,9166483,446676598784,103079215104,teinvento_inc/ventas_reportadas_mercado_tamales/mx/20200801/fact_table/part-00005-tid-6121764870548811055-88ba1d42-8428-496a-9c33-6481a07bcd4f-22063-1-c000.csv
2018,Sep,11232017,446676598784,103079215104,teinvento_inc/ventas_reportadas_mercado_tamales/mx/20200801/fact_table/part-00005-tid-6121764870548811055-88ba1d42-8428-496a-9c33-6481a07bcd4f-22063-1-c000.csv
2019,May,8849545,446676598784,103079215104,teinvento_inc/ventas_reportadas_mercado_tamales/mx/20200801/fact_table/part-00005-tid-6121764870548811055-88ba1d42-8428-496a-9c33-6481a07bcd4f-22063-1-c000.csv
2018,Apr,8669477,446676598784,103079215104,teinvento_inc/ventas_reportadas_mercado_tamales/mx/20200801/fact_table/part-00005-tid-6121764870548811055-88ba1d42-8428-496a-9c33-6481a07bcd4f-22063-1-c000.csv
2018,Jan,7006147,446676598784,103079215104,teinvento_inc/ventas_reportadas_mercado_tamales/mx/20200801/fact_table/part-00005-tid-6121764870548811055-88ba1d42-8428-496a-9c33-6481a07bcd4f-22063-1-c000.csv
2020,May,5447497,446676598784,103079215104,teinvento_inc/ventas_reportadas_mercado_tamales/mx/20200801/fact_table/part-00005-tid-6121764870548811055-88ba1d42-8428-496a-9c33-6481a07bcd4f-22063-1-c000.csv
2019,Dec,9463066,446676598784,103079215104,teinvento_inc/ventas_reportadas_mercado_tamales/mx/20200801/fact_table/part-00005-tid-6121764870548811055-88ba1d42-8428-496a-9c33-6481a07bcd4f-22063-1-c000.csv
2018,Nov,7851380,446676598784,103079215104,teinvento_inc/ventas_reportadas_mercado_tamales/mx/20200801/fact_table/part-00005-tid-6121764870548811055-88ba1d42-8428-496a-9c33-6481a07bcd4f-22063-1-c000.csv
2019,Mar,10006981,446676598784,103079215104,teinvento_inc/ventas_reportadas_mercado_tamales/mx/20200801/fact_table/part-00005-tid-6121764870548811055-88ba1d42-8428-496a-9c33-6481a07bcd4f-22063-1-c000.csv
2018,Dec,9388704,446676598784,103079215104,teinvento_inc/ventas_reportadas_mercado_tamales/mx/20200801/fact_table/part-00005-tid-6121764870548811055-88ba1d42-8428-496a-9c33-6481a07bcd4f-22063-1-c000.csv
2019,Jul,8391444,446676598784,103079215104,teinvento_inc/ventas_reportadas_mercado_tamales/mx/20200801/fact_table/part-00005-tid-6121764870548811055-88ba1d42-8428-496a-9c33-6481a07bcd4f-22063-1-c000.csv
2019,Apr,647845,446676598784,360777252864,teinvento_inc/ventas_reportadas_mercado_tamales/mx/20200801/fact_table/part-00005-tid-6121764870548811055-88ba1d42-8428-496a-9c33-6481a07bcd4f-22063-1-c000.csv
2020,Feb,67491,446676598784,360777252864,teinvento_inc/ventas_reportadas_mercado_tamales/mx/20200801/fact_table/part-00005-tid-6121764870548811055-88ba1d42-8428-496a-9c33-6481a07bcd4f-22063-1-c000.csv
2018,Jan,505650,446676598784,360777252864,teinvento_inc/ventas_reportadas_mercado_tamales/mx/20200801/fact_table/part-00005-tid-6121764870548811055-88ba1d42-8428-496a-9c33-6481a07bcd4f-22063-1-c000.csv
2019,Dec,123816,446676598784,360777252864,teinvento_inc/ventas_reportadas_mercado_tamales/mx/20200801/fact_table/part-00005-tid-6121764870548811055-88ba1d42-8428-496a-9c33-6481a07bcd4f-22063-1-c000.csv
2019,Sep,663549,446676598784,360777252864,teinvento_inc/ventas_reportadas_mercado_tamales/mx/20200801/fact_table/part-00005-tid-6121764870548811055-88ba1d42-8428-496a-9c33-6481a07bcd4f-22063-1-c000.csv
2020,May,35412,446676598784,360777252864,teinvento_inc/ventas_reportadas_mercado_tamales/mx/20200801/fact_table/part-00005-tid-6121764870548811055-88ba1d42-8428-496a-9c33-6481a07bcd4f-22063-1-c000.csv
2018,Feb,544217,446676598784,360777252864,teinvento_inc/ventas_reportadas_mercado_tamales/mx/20200801/fact_table/part-00005-tid-6121764870548811055-88ba1d42-8428-496a-9c33-6481a07bcd4f-22063-1-c000.csv
2019,Feb,585670,446676598784,360777252864,teinvento_inc/ventas_reportadas_mercado_tamales/mx/20200801/fact_table/part-00005-tid-6121764870548811055-88ba1d42-8428-496a-9c33-6481a07bcd4f-22063-1-c000.csv
2018,Aug,643685,446676598784,360777252864,teinvento_inc/ventas_reportadas_mercado_tamales/mx/20200801/fact_table/part-00005-tid-6121764870548811055-88ba1d42-8428-496a-9c33-6481a07bcd4f-22063-1-c000.csv
2020,Jan,83004,446676598784,360777252864,teinvento_inc/ventas_reportadas_mercado_tamales/mx/20200801/fact_table/part-00005-tid-6121764870548811055-88ba1d42-8428-496a-9c33-6481a07bcd4f-22063-1-c000.csv
2019,Jun,829688,446676598784,360777252864,teinvento_inc/ventas_reportadas_mercado_tamales/mx/20200801/fact_table/part-00005-tid-6121764870548811055-88ba1d42-8428-496a-9c33-6481a07bcd4f-22063-1-c000.csv
2020,Apr,39162,446676598784,360777252864,teinvento_inc/ventas_reportadas_mercado_tamales/mx/20200801/fact_table/part-00005-tid-6121764870548811055-88ba1d42-8428-496a-9c33-6481a07bcd4f-22063-1-c000.csv
2019,Oct,250358,446676598784,360777252864,teinvento_inc/ventas_reportadas_mercado_tamales/mx/20200801/fact_table/part-00005-tid-6121764870548811055-88ba1d42-8428-496a-9c33-6481a07bcd4f-22063-1-c000.csv
2019,May,697927,446676598784,360777252864,teinvento_inc/ventas_reportadas_mercado_tamales/mx/20200801/fact_table/part-00005-tid-6121764870548811055-88ba1d42-8428-496a-9c33-6481a07bcd4f-22063-1-c000.csv
2018,Apr,615297,446676598784,360777252864,teinvento_inc/ventas_reportadas_mercado_tamales/mx/20200801/fact_table/part-00005-tid-6121764870548811055-88ba1d42-8428-496a-9c33-6481a07bcd4f-22063-1-c000.csv
2020,Mar,67502,446676598784,360777252864,teinvento_inc/ventas_reportadas_mercado_tamales/mx/20200801/fact_table/part-00005-tid-6121764870548811055-88ba1d42-8428-496a-9c33-6481a07bcd4f-22063-1-c000.csv
2018,Jul,605607,446676598784,360777252864,teinvento_inc/ventas_reportadas_mercado_tamales/mx/20200801/fact_table/part-00005-tid-6121764870548811055-88ba1d42-8428-496a-9c33-6481a07bcd4f-22063-1-c000.csv
2018,Mar,716245,446676598784,360777252864,teinvento_inc/ventas_reportadas_mercado_tamales/mx/20200801/fact_table/part-00005-tid-6121764870548811055-88ba1d42-8428-496a-9c33-6481a07bcd4f-22063-1-c000.csv
2018,Oct,603124,446676598784,360777252864,teinvento_inc/ventas_reportadas_mercado_tamales/mx/20200801/fact_table/part-00005-tid-6121764870548811055-88ba1d42-8428-496a-9c33-6481a07bcd4f-22063-1-c000.csv
2019,Mar,777251,446676598784,360777252864,teinvento_inc/ventas_reportadas_mercado_tamales/mx/20200801/fact_table/part-00005-tid-6121764870548811055-88ba1d42-8428-496a-9c33-6481a07bcd4f-22063-1-c000.csv
2019,Jul,667693,446676598784,360777252864,teinvento_inc/ventas_reportadas_mercado_tamales/mx/20200801/fact_table/part-00005-tid-6121764870548811055-88ba1d42-8428-496a-9c33-6481a07bcd4f-22063-1-c000.csv
2018,Nov,546293,446676598784,360777252864,teinvento_inc/ventas_reportadas_mercado_tamales/mx/20200801/fact_table/part-00005-tid-6121764870548811055-88ba1d42-8428-496a-9c33-6481a07bcd4f-22063-1-c000.csv
2018,Jun,758807,446676598784,360777252864,teinvento_inc/ventas_reportadas_mercado_tamales/mx/20200801/fact_table/part-00005-tid-6121764870548811055-88ba1d42-8428-496a-9c33-6481a07bcd4f-22063-1-c000.csv
2019,Nov,139440,446676598784,360777252864,teinvento_inc/ventas_reportadas_mercado_tamales/mx/20200801/fact_table/part-00005-tid-6121764870548811055-88ba1d42-8428-496a-9c33-6481a07bcd4f-22063-1-c000.csv
2018,Dec,673008,446676598784,360777252864,teinvento_inc/ventas_reportadas_mercado_tamales/mx/20200801/fact_table/part-00005-tid-6121764870548811055-88ba1d42-8428-496a-9c33-6481a07bcd4f-22063-1-c000.csv
2018,May,601867,446676598784,360777252864,teinvento_inc/ventas_reportadas_mercado_tamales/mx/20200801/fact_table/part-00005-tid-6121764870548811055-88ba1d42-8428-496a-9c33-6481a07bcd4f-22063-1-c000.csv
2018,Sep,781941,446676598784,360777252864,teinvento_inc/ventas_reportadas_mercado_tamales/mx/20200801/fact_table/part-00005-tid-6121764870548811055-88ba1d42-8428-496a-9c33-6481a07bcd4f-22063-1-c000.csv
2019,Aug,695514,446676598784,360777252864,teinvento_inc/ventas_reportadas_mercado_tamales/mx/20200801/fact_table/part-00005-tid-6121764870548811055-88ba1d42-8428-496a-9c33-6481a07bcd4f-22063-1-c000.csv
2019,Jan,539376,446676598784,360777252864,teinvento_inc/ventas_reportadas_mercado_tamales/mx/20200801/fact_table/part-00005-tid-6121764870548811055-88ba1d42-8428-496a-9c33-6481a07bcd4f-22063-1-c000.csv
2020,Feb,22548800,446676598784,481036337152,teinvento_inc/ventas_reportadas_mercado_tamales/mx/20200801/fact_table/part-00005-tid-6121764870548811055-88ba1d42-8428-496a-9c33-6481a07bcd4f-22063-1-c000.csv
2018,Oct,19689640,446676598784,481036337152,teinvento_inc/ventas_reportadas_mercado_tamales/mx/20200801/fact_table/part-00005-tid-6121764870548811055-88ba1d42-8428-496a-9c33-6481a07bcd4f-22063-1-c000.csv
2020,May,16357589,446676598784,481036337152,teinvento_inc/ventas_reportadas_mercado_tamales/mx/20200801/fact_table/part-00005-tid-6121764870548811055-88ba1d42-8428-496a-9c33-6481a07bcd4f-22063-1-c000.csv
2019,Nov,21919473,446676598784,481036337152,teinvento_inc/ventas_reportadas_mercado_tamales/mx/20200801/fact_table/part-00005-tid-6121764870548811055-88ba1d42-8428-496a-9c33-6481a07bcd4f-22063-1-c000.csv
2018,Jun,22724483,446676598784,481036337152,teinvento_inc/ventas_reportadas_mercado_tamales/mx/20200801/fact_table/part-00005-tid-6121764870548811055-88ba1d42-8428-496a-9c33-6481a07bcd4f-22063-1-c000.csv
2018,Jan,16189252,446676598784,481036337152,teinvento_inc/ventas_reportadas_mercado_tamales/mx/20200801/fact_table/part-00005-tid-6121764870548811055-88ba1d42-8428-496a-9c33-6481a07bcd4f-22063-1-c000.csv
2018,Jul,18439764,446676598784,481036337152,teinvento_inc/ventas_reportadas_mercado_tamales/mx/20200801/fact_table/part-00005-tid-6121764870548811055-88ba1d42-8428-496a-9c33-6481a07bcd4f-22063-1-c000.csv
2019,Jan,20280245,446676598784,481036337152,teinvento_inc/ventas_reportadas_mercado_tamales/mx/20200801/fact_table/part-00005-tid-6121764870548811055-88ba1d42-8428-496a-9c33-6481a07bcd4f-22063-1-c000.csv
2019,Apr,21452016,446676598784,481036337152,teinvento_inc/ventas_reportadas_mercado_tamales/mx/20200801/fact_table/part-00005-tid-6121764870548811055-88ba1d42-8428-496a-9c33-6481a07bcd4f-22063-1-c000.csv
2019,Jun,29045302,446676598784,481036337152,teinvento_inc/ventas_reportadas_mercado_tamales/mx/20200801/fact_table/part-00005-tid-6121764870548811055-88ba1d42-8428-496a-9c33-6481a07bcd4f-22063-1-c000.csv
2019,Jul,22519853,446676598784,481036337152,teinvento_inc/ventas_reportadas_mercado_tamales/mx/20200801/fact_table/part-00005-tid-6121764870548811055-88ba1d42-8428-496a-9c33-6481a07bcd4f-22063-1-c000.csv
2018,Mar,20861985,446676598784,481036337152,teinvento_inc/ventas_reportadas_mercado_tamales/mx/20200801/fact_table/part-00005-tid-6121764870548811055-88ba1d42-8428-496a-9c33-6481a07bcd4f-22063-1-c000.csv
2018,Dec,23358521,446676598784,481036337152,teinvento_inc/ventas_reportadas_mercado_tamales/mx/20200801/fact_table/part-00005-tid-6121764870548811055-88ba1d42-8428-496a-9c33-6481a07bcd4f-22063-1-c000.csv
2018,Sep,25435728,446676598784,481036337152,teinvento_inc/ventas_reportadas_mercado_tamales/mx/20200801/fact_table/part-00005-tid-6121764870548811055-88ba1d42-8428-496a-9c33-6481a07bcd4f-22063-1-c000.csv
2020,Apr,17347517,446676598784,481036337152,teinvento_inc/ventas_reportadas_mercado_tamales/mx/20200801/fact_table/part-00005-tid-6121764870548811055-88ba1d42-8428-496a-9c33-6481a07bcd4f-22063-1-c000.csv
2019,Oct,21148504,446676598784,481036337152,teinvento_inc/ventas_reportadas_mercado_tamales/mx/20200801/fact_table/part-00005-tid-6121764870548811055-88ba1d42-8428-496a-9c33-6481a07bcd4f-22063-1-c000.csv
2019,May,22570184,446676598784,481036337152,teinvento_inc/ventas_reportadas_mercado_tamales/mx/20200801/fact_table/part-00005-tid-6121764870548811055-88ba1d42-8428-496a-9c33-6481a07bcd4f-22063-1-c000.csv
2019,Dec,28259284,446676598784,481036337152,teinvento_inc/ventas_reportadas_mercado_tamales/mx/20200801/fact_table/part-00005-tid-6121764870548811055-88ba1d42-8428-496a-9c33-6481a07bcd4f-22063-1-c000.csv
2019,Feb,20930189,446676598784,481036337152,teinvento_inc/ventas_reportadas_mercado_tamales/mx/20200801/fact_table/part-00005-tid-6121764870548811055-88ba1d42-8428-496a-9c33-6481a07bcd4f-22063-1-c000.csv
2018,Feb,16770544,446676598784,481036337152,teinvento_inc/ventas_reportadas_mercado_tamales/mx/20200801/fact_table/part-00005-tid-6121764870548811055-88ba1d42-8428-496a-9c33-6481a07bcd4f-22063-1-c000.csv
2018,Aug,19941880,446676598784,481036337152,teinvento_inc/ventas_reportadas_mercado_tamales/mx/20200801/fact_table/part-00005-tid-6121764870548811055-88ba1d42-8428-496a-9c33-6481a07bcd4f-22063-1-c000.csv
2020,Jan,23781016,446676598784,481036337152,teinvento_inc/ventas_reportadas_mercado_tamales/mx/20200801/fact_table/part-00005-tid-6121764870548811055-88ba1d42-8428-496a-9c33-6481a07bcd4f-22063-1-c000.csv
2018,Nov,19400816,446676598784,481036337152,teinvento_inc/ventas_reportadas_mercado_tamales/mx/20200801/fact_table/part-00005-tid-6121764870548811055-88ba1d42-8428-496a-9c33-6481a07bcd4f-22063-1-c000.csv
2018,Apr,18324985,446676598784,481036337152,teinvento_inc/ventas_reportadas_mercado_tamales/mx/20200801/fact_table/part-00005-tid-6121764870548811055-88ba1d42-8428-496a-9c33-6481a07bcd4f-22063-1-c000.csv
2019,Sep,27836405,446676598784,481036337152,teinvento_inc/ventas_reportadas_mercado_tamales/mx/20200801/fact_table/part-00005-tid-6121764870548811055-88ba1d42-8428-496a-9c33-6481a07bcd4f-22063-1-c000.csv
2019,Mar,25552233,446676598784,481036337152,teinvento_inc/ventas_reportadas_mercado_tamales/mx/20200801/fact_table/part-00005-tid-6121764870548811055-88ba1d42-8428-496a-9c33-6481a07bcd4f-22063-1-c000.csv
2019,Aug,22894589,446676598784,481036337152,teinvento_inc/ventas_reportadas_mercado_tamales/mx/20200801/fact_table/part-00005-tid-6121764870548811055-88ba1d42-8428-496a-9c33-6481a07bcd4f-22063-1-c000.csv
2018,May,18185127,446676598784,481036337152,teinvento_inc/ventas_reportadas_mercado_tamales/mx/20200801/fact_table/part-00005-tid-6121764870548811055-88ba1d42-8428-496a-9c33-6481a07bcd4f-22063-1-c000.csv
2020,Mar,27824576,446676598784,481036337152,teinvento_inc/ventas_reportadas_mercado_tamales/mx/20200801/fact_table/part-00005-tid-6121764870548811055-88ba1d42-8428-496a-9c33-6481a07bcd4f-22063-1-c000.csv
